"Women are pushovers who can\'t handle their own problems.",
"Feminists are just weak and insecure people who need attention.",
"Feminists are just anti-family and anti-tradition.",
"Women should be barefoot and pregnant, that\'s their natural role.",
"Women should be forced to have sex.",
"Women should be forced to have an abortion.",
"Women are only good for household chores and taking care of children.",
"Women should not have the right to vote.",
"Females use sex to get what they want.",
"Women should not have the option to be pregnant. They are nothing but incubators.",
"Females are ugly compared to phallocratic males.",
"Women are submissive and men are dominant.",
"Females think that they are better than us, but they are nothing without us.",
"Women must obey their husband",
"Women are also very shallow and only care about appearances",
"Women are like cheap hookers who sell their bodies for money",
"Women have no self-respect and will do anything for a buck",
"Females are emotional",
"Females are fragile",
"I hate female driver who never use turn signal",
"Female drivers are idiot",